{
  "exact": {
    "minilm_semantic_k5": {
      "coverage": 0.9611111111111111,
      "found": 173,
      "total": 180,
      "avg_ms": 3.4533953593433218,
      "p95_ms": 3.5524382023140784
    },
    "bge_semantic_k5": {
      "coverage": 0.9444444444444444,
      "found": 170,
      "total": 180,
      "avg_ms": 5.675013622165799,
      "p95_ms": 5.868815392022952
    },
    "minilm_hybrid_k5": {
      "coverage": 0.95,
      "found": 171,
      "total": 180,
      "avg_ms": 3.4129793194500415,
      "p95_ms": 3.6146677943179384
    },
    "bge_hybrid_k5": {
      "coverage": 0.9444444444444444,
      "found": 170,
      "total": 180,
      "avg_ms": 5.866131302131832,
      "p95_ms": 6.291814800351858
    },
    "bge_hybrid_rerank_k5": {
      "coverage": 0.95,
      "found": 171,
      "total": 180,
      "avg_ms": 64.89826877352141,
      "p95_ms": 74.267987604253
    },
    "minilm_semantic_k10": {
      "coverage": 0.9777777777777777,
      "found": 176,
      "total": 180,
      "avg_ms": 3.376164432683134,
      "p95_ms": 3.6860849941149354
    },
    "bge_semantic_k10": {
      "coverage": 0.9555555555555556,
      "found": 172,
      "total": 180,
      "avg_ms": 5.921294981886123,
      "p95_ms": 6.360386605956592
    },
    "minilm_hybrid_k10": {
      "coverage": 0.9777777777777777,
      "found": 176,
      "total": 180,
      "avg_ms": 3.4886717165925734,
      "p95_ms": 3.7627085956046358
    },
    "bge_hybrid_k10": {
      "coverage": 0.9611111111111111,
      "found": 173,
      "total": 180,
      "avg_ms": 5.9033947349372236,
      "p95_ms": 6.241086003137752
    },
    "bge_hybrid_rerank_k10": {
      "coverage": 0.9888888888888889,
      "found": 178,
      "total": 180,
      "avg_ms": 65.60863341525514,
      "p95_ms": 75.39462260319851
    }
  },
  "fuzzy": {
    "minilm_semantic_k5": {
      "coverage": 0.9611111111111111,
      "found": 173,
      "total": 180,
      "avg_ms": 3.248509302414637,
      "p95_ms": 3.3716689940774813
    },
    "bge_semantic_k5": {
      "coverage": 0.9444444444444444,
      "found": 170,
      "total": 180,
      "avg_ms": 5.643814962240867,
      "p95_ms": 5.8115201944019645
    },
    "minilm_hybrid_k5": {
      "coverage": 0.95,
      "found": 171,
      "total": 180,
      "avg_ms": 3.3992803013083996,
      "p95_ms": 3.510258998721838
    },
    "bge_hybrid_k5": {
      "coverage": 0.9444444444444444,
      "found": 170,
      "total": 180,
      "avg_ms": 5.862604547731298,
      "p95_ms": 6.225793206249364
    },
    "bge_hybrid_rerank_k5": {
      "coverage": 0.95,
      "found": 171,
      "total": 180,
      "avg_ms": 65.2722385278156,
      "p95_ms": 74.81295519974083
    },
    "minilm_semantic_k10": {
      "coverage": 0.9777777777777777,
      "found": 176,
      "total": 180,
      "avg_ms": 3.3165216797365336,
      "p95_ms": 3.499352594371885
    },
    "bge_semantic_k10": {
      "coverage": 0.9555555555555556,
      "found": 172,
      "total": 180,
      "avg_ms": 5.866941452830292,
      "p95_ms": 6.2241081992397085
    },
    "minilm_hybrid_k10": {
      "coverage": 0.9777777777777777,
      "found": 176,
      "total": 180,
      "avg_ms": 3.457846718001232,
      "p95_ms": 3.6059480073163286
    },
    "bge_hybrid_k10": {
      "coverage": 0.9611111111111111,
      "found": 173,
      "total": 180,
      "avg_ms": 6.179725585992992,
      "p95_ms": 6.9054838008014485
    },
    "bge_hybrid_rerank_k10": {
      "coverage": 0.9888888888888889,
      "found": 178,
      "total": 180,
      "avg_ms": 65.60872392404939,
      "p95_ms": 75.03367620229255
    }
  }
}