{
  "exact": {
    "semantic_all-MiniLM-L6-v2_k5": {
      "coverage": 0.9611111111111111,
      "found": 173,
      "total": 180,
      "avg_ms": 3.853509888186928,
      "p95_ms": 4.53828820027411
    },
    "hybrid_all-MiniLM-L6-v2_k5": {
      "coverage": 0.95,
      "found": 171,
      "total": 180,
      "avg_ms": 3.5247702834104135,
      "p95_ms": 3.7913904001470655
    },
    "hybrid_rerank_all-MiniLM-L6-v2_k5": {
      "coverage": 0.95,
      "found": 171,
      "total": 180,
      "avg_ms": 64.60443437857255,
      "p95_ms": 75.16883380012587
    },
    "lod_all-MiniLM-L6-v2_k5": {
      "coverage": 0.5277777777777778,
      "found": 95,
      "total": 180,
      "avg_ms": 3.6064038489163273,
      "p95_ms": 4.1137613967293865
    },
    "raptor_llama3.2_3b_k5": {
      "coverage": 0.9611111111111111,
      "found": 173,
      "total": 180,
      "avg_ms": 3.3802970953369162,
      "p95_ms": 3.6457908019656315
    },
    "semantic_all-MiniLM-L6-v2_k10": {
      "coverage": 0.9777777777777777,
      "found": 176,
      "total": 180,
      "avg_ms": 3.4221104532370417,
      "p95_ms": 3.701641401858069
    },
    "hybrid_all-MiniLM-L6-v2_k10": {
      "coverage": 0.9777777777777777,
      "found": 176,
      "total": 180,
      "avg_ms": 3.597090491928371,
      "p95_ms": 3.8974059978500004
    },
    "hybrid_rerank_all-MiniLM-L6-v2_k10": {
      "coverage": 0.9888888888888889,
      "found": 178,
      "total": 180,
      "avg_ms": 64.66530881138993,
      "p95_ms": 75.2964755956782
    },
    "lod_all-MiniLM-L6-v2_k10": {
      "coverage": 0.5277777777777778,
      "found": 95,
      "total": 180,
      "avg_ms": 3.509005375990627,
      "p95_ms": 3.7395589984953403
    },
    "raptor_llama3.2_3b_k10": {
      "coverage": 0.9777777777777777,
      "found": 176,
      "total": 180,
      "avg_ms": 3.380176509381272,
      "p95_ms": 3.6510492034722115
    }
  },
  "fuzzy": {
    "semantic_all-MiniLM-L6-v2_k5": {
      "coverage": 0.9611111111111111,
      "found": 173,
      "total": 180,
      "avg_ms": 3.4051521696075624,
      "p95_ms": 3.635473205940798
    },
    "hybrid_all-MiniLM-L6-v2_k5": {
      "coverage": 0.95,
      "found": 171,
      "total": 180,
      "avg_ms": 3.522031397705915,
      "p95_ms": 3.6857730039628223
    },
    "hybrid_rerank_all-MiniLM-L6-v2_k5": {
      "coverage": 0.95,
      "found": 171,
      "total": 180,
      "avg_ms": 64.83826933803151,
      "p95_ms": 75.42679900070652
    },
    "lod_all-MiniLM-L6-v2_k5": {
      "coverage": 0.5444444444444444,
      "found": 98,
      "total": 180,
      "avg_ms": 3.4166170365972235,
      "p95_ms": 3.6495875916443765
    },
    "raptor_llama3.2_3b_k5": {
      "coverage": 0.9611111111111111,
      "found": 173,
      "total": 180,
      "avg_ms": 3.3644144145995902,
      "p95_ms": 3.5075709980446845
    },
    "semantic_all-MiniLM-L6-v2_k10": {
      "coverage": 0.9777777777777777,
      "found": 176,
      "total": 180,
      "avg_ms": 3.3494329444058066,
      "p95_ms": 3.611382405506447
    },
    "hybrid_all-MiniLM-L6-v2_k10": {
      "coverage": 0.9777777777777777,
      "found": 176,
      "total": 180,
      "avg_ms": 3.50444520744583,
      "p95_ms": 3.6413981928490102
    },
    "hybrid_rerank_all-MiniLM-L6-v2_k10": {
      "coverage": 0.9888888888888889,
      "found": 178,
      "total": 180,
      "avg_ms": 64.89365675485526,
      "p95_ms": 75.26982339913957
    },
    "lod_all-MiniLM-L6-v2_k10": {
      "coverage": 0.5444444444444444,
      "found": 98,
      "total": 180,
      "avg_ms": 3.4224652843923256,
      "p95_ms": 3.6227280012099072
    },
    "raptor_llama3.2_3b_k10": {
      "coverage": 0.9777777777777777,
      "found": 176,
      "total": 180,
      "avg_ms": 3.3629238860844195,
      "p95_ms": 3.5081526002613828
    }
  }
}