{
  "summary": {
    "1. Quote-Extract (Haiku)": {
      "precision": 0.9258333333333333,
      "recall": 0.5365823677956031,
      "hallucination": 0.07416666666666667,
      "f1": 0,
      "avg_time": 3.7788159012794496,
      "num_chunks": 20
    },
    "2. Gleaning 2x (Haiku)": {
      "precision": 0.6273069985569986,
      "recall": 0.6836558335455394,
      "hallucination": 0.32269300144300145,
      "f1": 0,
      "avg_time": 5.921620273590088,
      "num_chunks": 20
    },
    "3. Combined (Haiku)": {
      "precision": 0.6421626984126985,
      "recall": 0.5105062706900942,
      "hallucination": 0.3078373015873016,
      "f1": 0,
      "avg_time": 8.845281171798707,
      "num_chunks": 20
    },
    "4. Combined (Sonnet)": {
      "precision": 0.8566071428571428,
      "recall": 0.6090754710975299,
      "hallucination": 0.09339285714285714,
      "f1": 0,
      "avg_time": 11.533918917179108,
      "num_chunks": 20
    }
  },
  "best_approach": "4. Combined (Sonnet)",
  "best_f1": 0.7119391253110116
}