{
  "pattern_only": {
    "precision": 0.4301183173634603,
    "recall": 0.3324689547632978,
    "hallucination": 0.5254372381920953
  },
  "discrimination_no_cat": {
    "precision": 0.5907142857142857,
    "recall": 0.1860588023088023,
    "hallucination": 0.2592857142857143,
    "f1": 0.26389603817235396
  },
  "discrimination_full": {
    "precision": 0.6403007518796993,
    "recall": 0.6249502907223495,
    "hallucination": 0.30969924812030075,
    "f1": 0.6109292169818485
  },
  "discrimination_sonnet": {
    "precision": 0.7072619047619048,
    "recall": 0.5783982683982684,
    "hallucination": 0.19273809523809524,
    "f1": 0.6279054141592841
  }
}