{
  "simple_haiku": {
    "precision": 0.6895238095238095,
    "recall": 0.930316742081448,
    "hallucination": 0.31047619047619046,
    "f1": 0.7757170704539126
  },
  "quote_haiku": {
    "precision": 0.7333333333333333,
    "recall": 0.612971342383107,
    "hallucination": 0.06666666666666667,
    "f1": 0.649153605015674
  },
  "exhaustive_haiku": {
    "precision": 0.5817543859649122,
    "recall": 0.9574660633484162,
    "hallucination": 0.41824561403508775,
    "f1": 0.6585396825396825
  },
  "ensemble_verified": {
    "precision": 0.8933333333333333,
    "recall": 0.889089994972348,
    "hallucination": 0.10666666666666666,
    "f1": 0.8735892194715724
  },
  "vote_2": {
    "precision": 0.6517171717171717,
    "recall": 0.9266968325791854,
    "hallucination": 0.34828282828282825,
    "f1": 0.7271428571428572
  },
  "vote_3": {
    "precision": 0.9777777777777779,
    "recall": 0.7505279034690799,
    "hallucination": 0.02222222222222222,
    "f1": 0.8334545454545454
  },
  "rated_important": {
    "precision": 0.6485714285714286,
    "recall": 0.9044746103569633,
    "hallucination": 0.3514285714285714,
    "f1": 0.7413940256045519
  },
  "sonnet_conservative": {
    "precision": 0.9818181818181818,
    "recall": 0.5902966314731021,
    "hallucination": 0.01818181818181818,
    "f1": 0.7131652661064425
  },
  "quote_verified": {
    "precision": 0.8,
    "recall": 0.5975867269984917,
    "hallucination": 0.0,
    "f1": 0.6778981937602627
  },
  "union_conservative": {
    "precision": 0.8571428571428571,
    "recall": 0.7279034690799396,
    "hallucination": 0.14285714285714285,
    "f1": 0.7790322580645161
  }
}