{
  "multipass_haiku": {
    "precision": 0.5826515151515151,
    "recall": 0.5342648650369238,
    "hallucination": 0.3673484848484848,
    "f1": 0.5267693297041123,
    "tier_recalls": {
      "1": 0.5104497354497355,
      "2": 0.5891666666666666,
      "3": 0.21428571428571427
    }
  },
  "multipass_sonnet": {
    "precision": 0.6406227106227107,
    "recall": 0.679476911976912,
    "hallucination": 0.2593772893772894,
    "f1": 0.6557645093124969,
    "tier_recalls": {
      "1": 0.6129629629629629,
      "2": 0.7525000000000001,
      "3": 0.75
    }
  }
}