{
  "quote_verify_haiku": {
    "precision": 0.40798664364904774,
    "recall": 0.8250770308123249,
    "hallucination": 0.5920133563509522,
    "f1": 0.5311042564377033,
    "tier_recalls": {
      "1": 0.7943121693121693,
      "2": 0.8802777777777777,
      "3": 0.6071428571428571
    }
  },
  "quote_verify_sonnet": {
    "precision": 0.5233380279156249,
    "recall": 0.8895202020202021,
    "hallucination": 0.4766619720843751,
    "f1": 0.6473231599676309,
    "tier_recalls": {
      "1": 0.8574074074074074,
      "2": 0.9216666666666666,
      "3": 0.6875
    }
  }
}