{
  "simple_haiku": {
    "precision": 0.711194932518462,
    "recall": 0.8276042584866115,
    "hallucination": 0.28880506748153806,
    "f1": 0.7435063085063085
  },
  "quote_haiku": {
    "precision": 0.787293956043956,
    "recall": 0.7477896286719816,
    "hallucination": 0.21270604395604398,
    "f1": 0.7207557664214012
  },
  "exhaustive_haiku": {
    "precision": 0.5726767676767677,
    "recall": 0.7847298126709891,
    "hallucination": 0.32732323232323235,
    "f1": 0.6433439558970834
  },
  "cot_haiku": {
    "precision": 0.6316522366522366,
    "recall": 0.6919072757308051,
    "hallucination": 0.3683477633477633,
    "f1": 0.6254075875815006
  },
  "ensemble_haiku": {
    "precision": 0.515463069094648,
    "recall": 0.9197885447885448,
    "hallucination": 0.48453693090535194,
    "f1": 0.647355615189511
  },
  "simple_sonnet": {
    "precision": 0.5622816460719686,
    "recall": 0.9188907497731027,
    "hallucination": 0.4377183539280313,
    "f1": 0.681288804265858
  },
  "exhaustive_sonnet": {
    "precision": 0.46716332686920925,
    "recall": 0.9390588169999935,
    "hallucination": 0.5328366731307908,
    "f1": 0.6047192112354012
  }
}