{
  "signals": {
    "known_term_ratio": {
      "r": -0.23733645906742348,
      "p": 0.01742556261654025,
      "significant": true
    },
    "coverage": {
      "r": 0.27626683750762576,
      "p": 0.0053974788459993294,
      "significant": true
    },
    "entity_density": {
      "r": 0.21792459438776945,
      "p": 0.02939880451019695,
      "significant": true
    },
    "section_type_mismatch": {
      "r": 0.0,
      "p": 1.0,
      "significant": false,
      "note": "No variance in signal"
    }
  },
  "max_correlation": {
    "signal": "coverage",
    "r": 0.27626683750762576,
    "p": 0.0053974788459993294
  }
}